Question,Answer
What is SHNOOR LMS?,"Shnoor International helps organizations deliver structured training, practical learning, certification readiness, and measurable outcomes through one modern learning ecosystem. <br/><br/><a href='https://lms.shnoor.com' target='_blank' style='color: #F59E0B; font-weight: bold; text-decoration: underline;'>View or learn more</a>"
What is this platform?,"Shnoor International helps organizations deliver structured training, practical learning, certification readiness, and measurable outcomes through one modern learning ecosystem. <br/><br/><a href='https://lms.shnoor.com' target='_blank' style='color: #F59E0B; font-weight: bold; text-decoration: underline;'>View or learn more</a>"
Tell me about this learning platform.,"Shnoor International helps organizations deliver structured training, practical learning, certification readiness, and measurable outcomes through one modern learning ecosystem. <br/><br/><a href='https://lms.shnoor.com' target='_blank' style='color: #F59E0B; font-weight: bold; text-decoration: underline;'>View or learn more</a>"
What is your mission?,"Shnoor International helps organizations deliver structured training, practical learning, certification readiness, and measurable outcomes through one modern learning ecosystem. <br/><br/><a href='https://lms.shnoor.com' target='_blank' style='color: #F59E0B; font-weight: bold; text-decoration: underline;'>View or learn more</a>"
What is your vision?,"Shnoor International helps organizations deliver structured training, practical learning, certification readiness, and measurable outcomes through one modern learning ecosystem. <br/><br/><a href='https://lms.shnoor.com' target='_blank' style='color: #F59E0B; font-weight: bold; text-decoration: underline;'>View or learn more</a>"
What is the purpose of SHNOOR LMS?,"Shnoor International helps organizations deliver structured training, practical learning, certification readiness, and measurable outcomes through one modern learning ecosystem. <br/><br/><a href='https://lms.shnoor.com' target='_blank' style='color: #F59E0B; font-weight: bold; text-decoration: underline;'>View or learn more</a>"
Why should I use SHNOOR LMS?,"Shnoor International helps organizations deliver structured training, practical learning, certification readiness, and measurable outcomes through one modern learning ecosystem. <br/><br/><a href='https://lms.shnoor.com' target='_blank' style='color: #F59E0B; font-weight: bold; text-decoration: underline;'>View or learn more</a>"
What do you do?,"Shnoor International helps organizations deliver structured training, practical learning, certification readiness, and measurable outcomes through one modern learning ecosystem. <br/><br/><a href='https://lms.shnoor.com' target='_blank' style='color: #F59E0B; font-weight: bold; text-decoration: underline;'>View or learn more</a>"
What is the goal of this LMS?,"Shnoor International helps organizations deliver structured training, practical learning, certification readiness, and measurable outcomes through one modern learning ecosystem. <br/><br/><a href='https://lms.shnoor.com' target='_blank' style='color: #F59E0B; font-weight: bold; text-decoration: underline;'>View or learn more</a>"
About this platform,"Shnoor International helps organizations deliver structured training, practical learning, certification readiness, and measurable outcomes through one modern learning ecosystem. <br/><br/><a href='https://lms.shnoor.com' target='_blank' style='color: #F59E0B; font-weight: bold; text-decoration: underline;'>View or learn more</a>"
Give me an overview of the LMS,"Shnoor International helps organizations deliver structured training, practical learning, certification readiness, and measurable outcomes through one modern learning ecosystem. <br/><br/><a href='https://lms.shnoor.com' target='_blank' style='color: #F59E0B; font-weight: bold; text-decoration: underline;'>View or learn more</a>"
What does your company do?,"Shnoor International helps organizations deliver structured training, practical learning, certification readiness, and measurable outcomes through one modern learning ecosystem. <br/><br/><a href='https://lms.shnoor.com' target='_blank' style='color: #F59E0B; font-weight: bold; text-decoration: underline;'>View or learn more</a>"
What is the learning ecosystem?,"Shnoor International helps organizations deliver structured training, practical learning, certification readiness, and measurable outcomes through one modern learning ecosystem. <br/><br/><a href='https://lms.shnoor.com' target='_blank' style='color: #F59E0B; font-weight: bold; text-decoration: underline;'>View or learn more</a>"
Who is this LMS for?,"Shnoor International helps organizations deliver structured training, practical learning, certification readiness, and measurable outcomes through one modern learning ecosystem. <br/><br/><a href='https://lms.shnoor.com' target='_blank' style='color: #F59E0B; font-weight: bold; text-decoration: underline;'>View or learn more</a>"
What is the platform's vision?,"Shnoor International helps organizations deliver structured training, practical learning, certification readiness, and measurable outcomes through one modern learning ecosystem. <br/><br/><a href='https://lms.shnoor.com' target='_blank' style='color: #F59E0B; font-weight: bold; text-decoration: underline;'>View or learn more</a>"
What are the features present in this?,"Our platform offers eight core capabilities designed for enterprise-ready delivery: Structured cohorts, Live instruction, Practice labs, Progress tracking, Certification paths, Compliance readiness, Fast onboarding, and Global accessibility. <br/><br/><a href='https://lms.shnoor.com' target='_blank' style='color: #F59E0B; font-weight: bold; text-decoration: underline;'>Explore LMS Capabilities</a>"
What are the features?,"Our platform offers eight core capabilities designed for enterprise-ready delivery: Structured cohorts, Live instruction, Practice labs, Progress tracking, Certification paths, Compliance readiness, Fast onboarding, and Global accessibility. <br/><br/><a href='https://lms.shnoor.com' target='_blank' style='color: #F59E0B; font-weight: bold; text-decoration: underline;'>Explore LMS Capabilities</a>"
Tell me about your capabilities,"Our platform offers eight core capabilities designed for enterprise-ready delivery: Structured cohorts, Live instruction, Practice labs, Progress tracking, Certification paths, Compliance readiness, Fast onboarding, and Global accessibility. <br/><br/><a href='https://lms.shnoor.com' target='_blank' style='color: #F59E0B; font-weight: bold; text-decoration: underline;'>Explore LMS Capabilities</a>"
What features do you offer?,"Our platform offers eight core capabilities designed for enterprise-ready delivery: Structured cohorts, Live instruction, Practice labs, Progress tracking, Certification paths, Compliance readiness, Fast onboarding, and Global accessibility. <br/><br/><a href='https://lms.shnoor.com' target='_blank' style='color: #F59E0B; font-weight: bold; text-decoration: underline;'>Explore LMS Capabilities</a>"
What can this platform do?,"Our platform offers eight core capabilities designed for enterprise-ready delivery: Structured cohorts, Live instruction, Practice labs, Progress tracking, Certification paths, Compliance readiness, Fast onboarding, and Global accessibility. <br/><br/><a href='https://lms.shnoor.com' target='_blank' style='color: #F59E0B; font-weight: bold; text-decoration: underline;'>Explore LMS Capabilities</a>"
Platform features,"Our platform offers eight core capabilities designed for enterprise-ready delivery: Structured cohorts, Live instruction, Practice labs, Progress tracking, Certification paths, Compliance readiness, Fast onboarding, and Global accessibility. <br/><br/><a href='https://lms.shnoor.com' target='_blank' style='color: #F59E0B; font-weight: bold; text-decoration: underline;'>Explore LMS Capabilities</a>"
List the features,"Our platform offers eight core capabilities designed for enterprise-ready delivery: Structured cohorts, Live instruction, Practice labs, Progress tracking, Certification paths, Compliance readiness, Fast onboarding, and Global accessibility. <br/><br/><a href='https://lms.shnoor.com' target='_blank' style='color: #F59E0B; font-weight: bold; text-decoration: underline;'>Explore LMS Capabilities</a>"
What are your core capabilities?,"Our platform offers eight core capabilities designed for enterprise-ready delivery: Structured cohorts, Live instruction, Practice labs, Progress tracking, Certification paths, Compliance readiness, Fast onboarding, and Global accessibility. <br/><br/><a href='https://lms.shnoor.com' target='_blank' style='color: #F59E0B; font-weight: bold; text-decoration: underline;'>Explore LMS Capabilities</a>"
Does it have progress tracking?,"Our platform offers eight core capabilities designed for enterprise-ready delivery: Structured cohorts, Live instruction, Practice labs, Progress tracking, Certification paths, Compliance readiness, Fast onboarding, and Global accessibility. <br/><br/><a href='https://lms.shnoor.com' target='_blank' style='color: #F59E0B; font-weight: bold; text-decoration: underline;'>Explore LMS Capabilities</a>"
Does it have certification paths?,"Our platform offers eight core capabilities designed for enterprise-ready delivery: Structured cohorts, Live instruction, Practice labs, Progress tracking, Certification paths, Compliance readiness, Fast onboarding, and Global accessibility. <br/><br/><a href='https://lms.shnoor.com' target='_blank' style='color: #F59E0B; font-weight: bold; text-decoration: underline;'>Explore LMS Capabilities</a>"
Can it handle fast onboarding?,"Our platform offers eight core capabilities designed for enterprise-ready delivery: Structured cohorts, Live instruction, Practice labs, Progress tracking, Certification paths, Compliance readiness, Fast onboarding, and Global accessibility. <br/><br/><a href='https://lms.shnoor.com' target='_blank' style='color: #F59E0B; font-weight: bold; text-decoration: underline;'>Explore LMS Capabilities</a>"
Is it globally accessible?,"Our platform offers eight core capabilities designed for enterprise-ready delivery: Structured cohorts, Live instruction, Practice labs, Progress tracking, Certification paths, Compliance readiness, Fast onboarding, and Global accessibility. <br/><br/><a href='https://lms.shnoor.com' target='_blank' style='color: #F59E0B; font-weight: bold; text-decoration: underline;'>Explore LMS Capabilities</a>"
Tell me the platform features,"Our platform offers eight core capabilities designed for enterprise-ready delivery: Structured cohorts, Live instruction, Practice labs, Progress tracking, Certification paths, Compliance readiness, Fast onboarding, and Global accessibility. <br/><br/><a href='https://lms.shnoor.com' target='_blank' style='color: #F59E0B; font-weight: bold; text-decoration: underline;'>Explore LMS Capabilities</a>"
What makes this LMS special?,"Our platform offers eight core capabilities designed for enterprise-ready delivery: Structured cohorts, Live instruction, Practice labs, Progress tracking, Certification paths, Compliance readiness, Fast onboarding, and Global accessibility. <br/><br/><a href='https://lms.shnoor.com' target='_blank' style='color: #F59E0B; font-weight: bold; text-decoration: underline;'>Explore LMS Capabilities</a>"
Explain the features,"Our platform offers eight core capabilities designed for enterprise-ready delivery: Structured cohorts, Live instruction, Practice labs, Progress tracking, Certification paths, Compliance readiness, Fast onboarding, and Global accessibility. <br/><br/><a href='https://lms.shnoor.com' target='_blank' style='color: #F59E0B; font-weight: bold; text-decoration: underline;'>Explore LMS Capabilities</a>"
What are the training options?,"We offer every learning format built for the way your teams actually work, including: Instructor-led training, Private corporate programs, Practice arena, Facilitated labs, and Exam preparation. <br/><br/><a href='https://lms.shnoor.com' target='_blank' style='color: #F59E0B; font-weight: bold; text-decoration: underline;'>Explore Training Programs</a>"
Tell me about training,"We offer every learning format built for the way your teams actually work, including: Instructor-led training, Private corporate programs, Practice arena, Facilitated labs, and Exam preparation. <br/><br/><a href='https://lms.shnoor.com' target='_blank' style='color: #F59E0B; font-weight: bold; text-decoration: underline;'>Explore Training Programs</a>"
How do you train people?,"We offer every learning format built for the way your teams actually work, including: Instructor-led training, Private corporate programs, Practice arena, Facilitated labs, and Exam preparation. <br/><br/><a href='https://lms.shnoor.com' target='_blank' style='color: #F59E0B; font-weight: bold; text-decoration: underline;'>Explore Training Programs</a>"
What kind of training is available?,"We offer every learning format built for the way your teams actually work, including: Instructor-led training, Private corporate programs, Practice arena, Facilitated labs, and Exam preparation. <br/><br/><a href='https://lms.shnoor.com' target='_blank' style='color: #F59E0B; font-weight: bold; text-decoration: underline;'>Explore Training Programs</a>"
Do you offer instructor-led training?,"We offer every learning format built for the way your teams actually work, including: Instructor-led training, Private corporate programs, Practice arena, Facilitated labs, and Exam preparation. <br/><br/><a href='https://lms.shnoor.com' target='_blank' style='color: #F59E0B; font-weight: bold; text-decoration: underline;'>Explore Training Programs</a>"
Are there corporate programs?,"We offer every learning format built for the way your teams actually work, including: Instructor-led training, Private corporate programs, Practice arena, Facilitated labs, and Exam preparation. <br/><br/><a href='https://lms.shnoor.com' target='_blank' style='color: #F59E0B; font-weight: bold; text-decoration: underline;'>Explore Training Programs</a>"
Do you have a practice arena?,"We offer every learning format built for the way your teams actually work, including: Instructor-led training, Private corporate programs, Practice arena, Facilitated labs, and Exam preparation. <br/><br/><a href='https://lms.shnoor.com' target='_blank' style='color: #F59E0B; font-weight: bold; text-decoration: underline;'>Explore Training Programs</a>"
Do you have facilitated labs?,"We offer every learning format built for the way your teams actually work, including: Instructor-led training, Private corporate programs, Practice arena, Facilitated labs, and Exam preparation. <br/><br/><a href='https://lms.shnoor.com' target='_blank' style='color: #F59E0B; font-weight: bold; text-decoration: underline;'>Explore Training Programs</a>"
Is there exam preparation?,"We offer every learning format built for the way your teams actually work, including: Instructor-led training, Private corporate programs, Practice arena, Facilitated labs, and Exam preparation. <br/><br/><a href='https://lms.shnoor.com' target='_blank' style='color: #F59E0B; font-weight: bold; text-decoration: underline;'>Explore Training Programs</a>"
How does training work?,"We offer every learning format built for the way your teams actually work, including: Instructor-led training, Private corporate programs, Practice arena, Facilitated labs, and Exam preparation. <br/><br/><a href='https://lms.shnoor.com' target='_blank' style='color: #F59E0B; font-weight: bold; text-decoration: underline;'>Explore Training Programs</a>"
Explain the training formats,"We offer every learning format built for the way your teams actually work, including: Instructor-led training, Private corporate programs, Practice arena, Facilitated labs, and Exam preparation. <br/><br/><a href='https://lms.shnoor.com' target='_blank' style='color: #F59E0B; font-weight: bold; text-decoration: underline;'>Explore Training Programs</a>"
What learning formats do you support?,"We offer every learning format built for the way your teams actually work, including: Instructor-led training, Private corporate programs, Practice arena, Facilitated labs, and Exam preparation. <br/><br/><a href='https://lms.shnoor.com' target='_blank' style='color: #F59E0B; font-weight: bold; text-decoration: underline;'>Explore Training Programs</a>"
Can I get private training?,"We offer every learning format built for the way your teams actually work, including: Instructor-led training, Private corporate programs, Practice arena, Facilitated labs, and Exam preparation. <br/><br/><a href='https://lms.shnoor.com' target='_blank' style='color: #F59E0B; font-weight: bold; text-decoration: underline;'>Explore Training Programs</a>"
What are your training services?,"We offer every learning format built for the way your teams actually work, including: Instructor-led training, Private corporate programs, Practice arena, Facilitated labs, and Exam preparation. <br/><br/><a href='https://lms.shnoor.com' target='_blank' style='color: #F59E0B; font-weight: bold; text-decoration: underline;'>Explore Training Programs</a>"
Tell me about corporate training,"We offer every learning format built for the way your teams actually work, including: Instructor-led training, Private corporate programs, Practice arena, Facilitated labs, and Exam preparation. <br/><br/><a href='https://lms.shnoor.com' target='_blank' style='color: #F59E0B; font-weight: bold; text-decoration: underline;'>Explore Training Programs</a>"
How it works?,"Our clear learning workflow operates in three steps: 1. Launch role-based journeys (create onboarding, compliance, and upskilling tracks). 2. Deliver guided learning (combine live sessions, self-paced modules, and practice labs). 3. Validate mastery (use assessments, assignments, and certification paths to measure skill readiness). <br/><br/><a href='https://lms.shnoor.com' target='_blank' style='color: #F59E0B; font-weight: bold; text-decoration: underline;'>View or learn more</a>"
How does it work?,"Our clear learning workflow operates in three steps: 1. Launch role-based journeys (create onboarding, compliance, and upskilling tracks). 2. Deliver guided learning (combine live sessions, self-paced modules, and practice labs). 3. Validate mastery (use assessments, assignments, and certification paths to measure skill readiness). <br/><br/><a href='https://lms.shnoor.com' target='_blank' style='color: #F59E0B; font-weight: bold; text-decoration: underline;'>View or learn more</a>"
What is the learning workflow?,"Our clear learning workflow operates in three steps: 1. Launch role-based journeys (create onboarding, compliance, and upskilling tracks). 2. Deliver guided learning (combine live sessions, self-paced modules, and practice labs). 3. Validate mastery (use assessments, assignments, and certification paths to measure skill readiness). <br/><br/><a href='https://lms.shnoor.com' target='_blank' style='color: #F59E0B; font-weight: bold; text-decoration: underline;'>View or learn more</a>"
Explain the workflow,"Our clear learning workflow operates in three steps: 1. Launch role-based journeys (create onboarding, compliance, and upskilling tracks). 2. Deliver guided learning (combine live sessions, self-paced modules, and practice labs). 3. Validate mastery (use assessments, assignments, and certification paths to measure skill readiness). <br/><br/><a href='https://lms.shnoor.com' target='_blank' style='color: #F59E0B; font-weight: bold; text-decoration: underline;'>View or learn more</a>"
How do I launch journeys?,"Our clear learning workflow operates in three steps: 1. Launch role-based journeys (create onboarding, compliance, and upskilling tracks). 2. Deliver guided learning (combine live sessions, self-paced modules, and practice labs). 3. Validate mastery (use assessments, assignments, and certification paths to measure skill readiness). <br/><br/><a href='https://lms.shnoor.com' target='_blank' style='color: #F59E0B; font-weight: bold; text-decoration: underline;'>View or learn more</a>"
How is mastery validated?,"Our clear learning workflow operates in three steps: 1. Launch role-based journeys (create onboarding, compliance, and upskilling tracks). 2. Deliver guided learning (combine live sessions, self-paced modules, and practice labs). 3. Validate mastery (use assessments, assignments, and certification paths to measure skill readiness). <br/><br/><a href='https://lms.shnoor.com' target='_blank' style='color: #F59E0B; font-weight: bold; text-decoration: underline;'>View or learn more</a>"
How do you deliver learning?,"Our clear learning workflow operates in three steps: 1. Launch role-based journeys (create onboarding, compliance, and upskilling tracks). 2. Deliver guided learning (combine live sessions, self-paced modules, and practice labs). 3. Validate mastery (use assessments, assignments, and certification paths to measure skill readiness). <br/><br/><a href='https://lms.shnoor.com' target='_blank' style='color: #F59E0B; font-weight: bold; text-decoration: underline;'>View or learn more</a>"
What is the process?,"Our clear learning workflow operates in three steps: 1. Launch role-based journeys (create onboarding, compliance, and upskilling tracks). 2. Deliver guided learning (combine live sessions, self-paced modules, and practice labs). 3. Validate mastery (use assessments, assignments, and certification paths to measure skill readiness). <br/><br/><a href='https://lms.shnoor.com' target='_blank' style='color: #F59E0B; font-weight: bold; text-decoration: underline;'>View or learn more</a>"
Tell me how the system works,"Our clear learning workflow operates in three steps: 1. Launch role-based journeys (create onboarding, compliance, and upskilling tracks). 2. Deliver guided learning (combine live sessions, self-paced modules, and practice labs). 3. Validate mastery (use assessments, assignments, and certification paths to measure skill readiness). <br/><br/><a href='https://lms.shnoor.com' target='_blank' style='color: #F59E0B; font-weight: bold; text-decoration: underline;'>View or learn more</a>"
How does the LMS operate?,"Our clear learning workflow operates in three steps: 1. Launch role-based journeys (create onboarding, compliance, and upskilling tracks). 2. Deliver guided learning (combine live sessions, self-paced modules, and practice labs). 3. Validate mastery (use assessments, assignments, and certification paths to measure skill readiness). <br/><br/><a href='https://lms.shnoor.com' target='_blank' style='color: #F59E0B; font-weight: bold; text-decoration: underline;'>View or learn more</a>"
What are the steps?,"Our clear learning workflow operates in three steps: 1. Launch role-based journeys (create onboarding, compliance, and upskilling tracks). 2. Deliver guided learning (combine live sessions, self-paced modules, and practice labs). 3. Validate mastery (use assessments, assignments, and certification paths to measure skill readiness). <br/><br/><a href='https://lms.shnoor.com' target='_blank' style='color: #F59E0B; font-weight: bold; text-decoration: underline;'>View or learn more</a>"
Can you explain the workflow?,"Our clear learning workflow operates in three steps: 1. Launch role-based journeys (create onboarding, compliance, and upskilling tracks). 2. Deliver guided learning (combine live sessions, self-paced modules, and practice labs). 3. Validate mastery (use assessments, assignments, and certification paths to measure skill readiness). <br/><br/><a href='https://lms.shnoor.com' target='_blank' style='color: #F59E0B; font-weight: bold; text-decoration: underline;'>View or learn more</a>"
How to use the platform?,"Our clear learning workflow operates in three steps: 1. Launch role-based journeys (create onboarding, compliance, and upskilling tracks). 2. Deliver guided learning (combine live sessions, self-paced modules, and practice labs). 3. Validate mastery (use assessments, assignments, and certification paths to measure skill readiness). <br/><br/><a href='https://lms.shnoor.com' target='_blank' style='color: #F59E0B; font-weight: bold; text-decoration: underline;'>View or learn more</a>"
What is the learning process?,"Our clear learning workflow operates in three steps: 1. Launch role-based journeys (create onboarding, compliance, and upskilling tracks). 2. Deliver guided learning (combine live sessions, self-paced modules, and practice labs). 3. Validate mastery (use assessments, assignments, and certification paths to measure skill readiness). <br/><br/><a href='https://lms.shnoor.com' target='_blank' style='color: #F59E0B; font-weight: bold; text-decoration: underline;'>View or learn more</a>"
How do we measure skill readiness?,"Our clear learning workflow operates in three steps: 1. Launch role-based journeys (create onboarding, compliance, and upskilling tracks). 2. Deliver guided learning (combine live sessions, self-paced modules, and practice labs). 3. Validate mastery (use assessments, assignments, and certification paths to measure skill readiness). <br/><br/><a href='https://lms.shnoor.com' target='_blank' style='color: #F59E0B; font-weight: bold; text-decoration: underline;'>View or learn more</a>"
How many learners do you have?,"We have successfully onboarded 500+ learners across various programs, providing 8 core platform capabilities with 99.9% reliable learning operations."
What is your reliability?,"We have successfully onboarded 500+ learners across various programs, providing 8 core platform capabilities with 99.9% reliable learning operations."
Do you have a lot of users?,"We have successfully onboarded 500+ learners across various programs, providing 8 core platform capabilities with 99.9% reliable learning operations."
How many people use this?,"We have successfully onboarded 500+ learners across various programs, providing 8 core platform capabilities with 99.9% reliable learning operations."
What is the uptime?,"We have successfully onboarded 500+ learners across various programs, providing 8 core platform capabilities with 99.9% reliable learning operations."
Is the platform reliable?,"We have successfully onboarded 500+ learners across various programs, providing 8 core platform capabilities with 99.9% reliable learning operations."
Give me some statistics,"We have successfully onboarded 500+ learners across various programs, providing 8 core platform capabilities with 99.9% reliable learning operations."
How big is the platform?,"We have successfully onboarded 500+ learners across various programs, providing 8 core platform capabilities with 99.9% reliable learning operations."
How many capabilities do you have?,"We have successfully onboarded 500+ learners across various programs, providing 8 core platform capabilities with 99.9% reliable learning operations."
How many learners are onboarded?,"We have successfully onboarded 500+ learners across various programs, providing 8 core platform capabilities with 99.9% reliable learning operations."
What is the completion rate?,"We have successfully onboarded 500+ learners across various programs, providing 8 core platform capabilities with 99.9% reliable learning operations."
Is this an enterprise platform?,"We have successfully onboarded 500+ learners across various programs, providing 8 core platform capabilities with 99.9% reliable learning operations."
Tell me about your scale,"We have successfully onboarded 500+ learners across various programs, providing 8 core platform capabilities with 99.9% reliable learning operations."
Is it 99.9% reliable?,"We have successfully onboarded 500+ learners across various programs, providing 8 core platform capabilities with 99.9% reliable learning operations."
Can you handle enterprise delivery?,"We have successfully onboarded 500+ learners across various programs, providing 8 core platform capabilities with 99.9% reliable learning operations."
How do I get help?,"Let's plan the right learning experience for your team! You can reach out for enterprise training, private programs, certification pathways, or platform guidance.<br/><br/><b>Emails:</b> info@shnoor.com (General), proc@shnoor.com (Sales)<br/><b>Phone:</b> +91-9429694298 or +91-9041914601<br/><b>Address:</b> 10009 Mount Tabor Road, Odessa, Missouri, United States<br/><br/>For technical issues with course access, you can also reach support@shnoor.com.<br/><br/><a href='https://lms.shnoor.com/contact' target='_blank' style='color: #F59E0B; font-weight: bold; text-decoration: underline;'>View Contact Page</a>"
Who do I contact for support?,"Let's plan the right learning experience for your team! You can reach out for enterprise training, private programs, certification pathways, or platform guidance.<br/><br/><b>Emails:</b> info@shnoor.com (General), proc@shnoor.com (Sales)<br/><b>Phone:</b> +91-9429694298 or +91-9041914601<br/><b>Address:</b> 10009 Mount Tabor Road, Odessa, Missouri, United States<br/><br/>For technical issues with course access, you can also reach support@shnoor.com.<br/><br/><a href='https://lms.shnoor.com/contact' target='_blank' style='color: #F59E0B; font-weight: bold; text-decoration: underline;'>View Contact Page</a>"
I forgot my password.,"Let's plan the right learning experience for your team! You can reach out for enterprise training, private programs, certification pathways, or platform guidance.<br/><br/><b>Emails:</b> info@shnoor.com (General), proc@shnoor.com (Sales)<br/><b>Phone:</b> +91-9429694298 or +91-9041914601<br/><b>Address:</b> 10009 Mount Tabor Road, Odessa, Missouri, United States<br/><br/>For technical issues with course access, you can also reach support@shnoor.com.<br/><br/><a href='https://lms.shnoor.com/contact' target='_blank' style='color: #F59E0B; font-weight: bold; text-decoration: underline;'>View Contact Page</a>"
I can't log in.,"Let's plan the right learning experience for your team! You can reach out for enterprise training, private programs, certification pathways, or platform guidance.<br/><br/><b>Emails:</b> info@shnoor.com (General), proc@shnoor.com (Sales)<br/><b>Phone:</b> +91-9429694298 or +91-9041914601<br/><b>Address:</b> 10009 Mount Tabor Road, Odessa, Missouri, United States<br/><br/>For technical issues with course access, you can also reach support@shnoor.com.<br/><br/><a href='https://lms.shnoor.com/contact' target='_blank' style='color: #F59E0B; font-weight: bold; text-decoration: underline;'>View Contact Page</a>"
How do I reset my password?,"Let's plan the right learning experience for your team! You can reach out for enterprise training, private programs, certification pathways, or platform guidance.<br/><br/><b>Emails:</b> info@shnoor.com (General), proc@shnoor.com (Sales)<br/><b>Phone:</b> +91-9429694298 or +91-9041914601<br/><b>Address:</b> 10009 Mount Tabor Road, Odessa, Missouri, United States<br/><br/>For technical issues with course access, you can also reach support@shnoor.com.<br/><br/><a href='https://lms.shnoor.com/contact' target='_blank' style='color: #F59E0B; font-weight: bold; text-decoration: underline;'>View Contact Page</a>"
My course isn't loading.,"Let's plan the right learning experience for your team! You can reach out for enterprise training, private programs, certification pathways, or platform guidance.<br/><br/><b>Emails:</b> info@shnoor.com (General), proc@shnoor.com (Sales)<br/><b>Phone:</b> +91-9429694298 or +91-9041914601<br/><b>Address:</b> 10009 Mount Tabor Road, Odessa, Missouri, United States<br/><br/>For technical issues with course access, you can also reach support@shnoor.com.<br/><br/><a href='https://lms.shnoor.com/contact' target='_blank' style='color: #F59E0B; font-weight: bold; text-decoration: underline;'>View Contact Page</a>"
Where is the help desk?,"Let's plan the right learning experience for your team! You can reach out for enterprise training, private programs, certification pathways, or platform guidance.<br/><br/><b>Emails:</b> info@shnoor.com (General), proc@shnoor.com (Sales)<br/><b>Phone:</b> +91-9429694298 or +91-9041914601<br/><b>Address:</b> 10009 Mount Tabor Road, Odessa, Missouri, United States<br/><br/>For technical issues with course access, you can also reach support@shnoor.com.<br/><br/><a href='https://lms.shnoor.com/contact' target='_blank' style='color: #F59E0B; font-weight: bold; text-decoration: underline;'>View Contact Page</a>"
Do you have technical support?,"Let's plan the right learning experience for your team! You can reach out for enterprise training, private programs, certification pathways, or platform guidance.<br/><br/><b>Emails:</b> info@shnoor.com (General), proc@shnoor.com (Sales)<br/><b>Phone:</b> +91-9429694298 or +91-9041914601<br/><b>Address:</b> 10009 Mount Tabor Road, Odessa, Missouri, United States<br/><br/>For technical issues with course access, you can also reach support@shnoor.com.<br/><br/><a href='https://lms.shnoor.com/contact' target='_blank' style='color: #F59E0B; font-weight: bold; text-decoration: underline;'>View Contact Page</a>"
How do I contact admin?,"Let's plan the right learning experience for your team! You can reach out for enterprise training, private programs, certification pathways, or platform guidance.<br/><br/><b>Emails:</b> info@shnoor.com (General), proc@shnoor.com (Sales)<br/><b>Phone:</b> +91-9429694298 or +91-9041914601<br/><b>Address:</b> 10009 Mount Tabor Road, Odessa, Missouri, United States<br/><br/>For technical issues with course access, you can also reach support@shnoor.com.<br/><br/><a href='https://lms.shnoor.com/contact' target='_blank' style='color: #F59E0B; font-weight: bold; text-decoration: underline;'>View Contact Page</a>"
Is there an email for support?,"Let's plan the right learning experience for your team! You can reach out for enterprise training, private programs, certification pathways, or platform guidance.<br/><br/><b>Emails:</b> info@shnoor.com (General), proc@shnoor.com (Sales)<br/><b>Phone:</b> +91-9429694298 or +91-9041914601<br/><b>Address:</b> 10009 Mount Tabor Road, Odessa, Missouri, United States<br/><br/>For technical issues with course access, you can also reach support@shnoor.com.<br/><br/><a href='https://lms.shnoor.com/contact' target='_blank' style='color: #F59E0B; font-weight: bold; text-decoration: underline;'>View Contact Page</a>"
I have an issue with an exam.,"Let's plan the right learning experience for your team! You can reach out for enterprise training, private programs, certification pathways, or platform guidance.<br/><br/><b>Emails:</b> info@shnoor.com (General), proc@shnoor.com (Sales)<br/><b>Phone:</b> +91-9429694298 or +91-9041914601<br/><b>Address:</b> 10009 Mount Tabor Road, Odessa, Missouri, United States<br/><br/>For technical issues with course access, you can also reach support@shnoor.com.<br/><br/><a href='https://lms.shnoor.com/contact' target='_blank' style='color: #F59E0B; font-weight: bold; text-decoration: underline;'>View Contact Page</a>"
Who can help me?,"Let's plan the right learning experience for your team! You can reach out for enterprise training, private programs, certification pathways, or platform guidance.<br/><br/><b>Emails:</b> info@shnoor.com (General), proc@shnoor.com (Sales)<br/><b>Phone:</b> +91-9429694298 or +91-9041914601<br/><b>Address:</b> 10009 Mount Tabor Road, Odessa, Missouri, United States<br/><br/>For technical issues with course access, you can also reach support@shnoor.com.<br/><br/><a href='https://lms.shnoor.com/contact' target='_blank' style='color: #F59E0B; font-weight: bold; text-decoration: underline;'>View Contact Page</a>"
Why is my account locked?,"Let's plan the right learning experience for your team! You can reach out for enterprise training, private programs, certification pathways, or platform guidance.<br/><br/><b>Emails:</b> info@shnoor.com (General), proc@shnoor.com (Sales)<br/><b>Phone:</b> +91-9429694298 or +91-9041914601<br/><b>Address:</b> 10009 Mount Tabor Road, Odessa, Missouri, United States<br/><br/>For technical issues with course access, you can also reach support@shnoor.com.<br/><br/><a href='https://lms.shnoor.com/contact' target='_blank' style='color: #F59E0B; font-weight: bold; text-decoration: underline;'>View Contact Page</a>"
How do I change my email address?,"Let's plan the right learning experience for your team! You can reach out for enterprise training, private programs, certification pathways, or platform guidance.<br/><br/><b>Emails:</b> info@shnoor.com (General), proc@shnoor.com (Sales)<br/><b>Phone:</b> +91-9429694298 or +91-9041914601<br/><b>Address:</b> 10009 Mount Tabor Road, Odessa, Missouri, United States<br/><br/>For technical issues with course access, you can also reach support@shnoor.com.<br/><br/><a href='https://lms.shnoor.com/contact' target='_blank' style='color: #F59E0B; font-weight: bold; text-decoration: underline;'>View Contact Page</a>"
What are the support hours?,"Let's plan the right learning experience for your team! You can reach out for enterprise training, private programs, certification pathways, or platform guidance.<br/><br/><b>Emails:</b> info@shnoor.com (General), proc@shnoor.com (Sales)<br/><b>Phone:</b> +91-9429694298 or +91-9041914601<br/><b>Address:</b> 10009 Mount Tabor Road, Odessa, Missouri, United States<br/><br/>For technical issues with course access, you can also reach support@shnoor.com.<br/><br/><a href='https://lms.shnoor.com/contact' target='_blank' style='color: #F59E0B; font-weight: bold; text-decoration: underline;'>View Contact Page</a>"
contact,"Let's plan the right learning experience for your team! You can reach out for enterprise training, private programs, certification pathways, or platform guidance.<br/><br/><b>Emails:</b> info@shnoor.com (General), proc@shnoor.com (Sales)<br/><b>Phone:</b> +91-9429694298 or +91-9041914601<br/><b>Address:</b> 10009 Mount Tabor Road, Odessa, Missouri, United States<br/><br/>For technical issues with course access, you can also reach support@shnoor.com.<br/><br/><a href='https://lms.shnoor.com/contact' target='_blank' style='color: #F59E0B; font-weight: bold; text-decoration: underline;'>View Contact Page</a>"
contact us,"Let's plan the right learning experience for your team! You can reach out for enterprise training, private programs, certification pathways, or platform guidance.<br/><br/><b>Emails:</b> info@shnoor.com (General), proc@shnoor.com (Sales)<br/><b>Phone:</b> +91-9429694298 or +91-9041914601<br/><b>Address:</b> 10009 Mount Tabor Road, Odessa, Missouri, United States<br/><br/>For technical issues with course access, you can also reach support@shnoor.com.<br/><br/><a href='https://lms.shnoor.com/contact' target='_blank' style='color: #F59E0B; font-weight: bold; text-decoration: underline;'>View Contact Page</a>"
phone number,"Let's plan the right learning experience for your team! You can reach out for enterprise training, private programs, certification pathways, or platform guidance.<br/><br/><b>Emails:</b> info@shnoor.com (General), proc@shnoor.com (Sales)<br/><b>Phone:</b> +91-9429694298 or +91-9041914601<br/><b>Address:</b> 10009 Mount Tabor Road, Odessa, Missouri, United States<br/><br/>For technical issues with course access, you can also reach support@shnoor.com.<br/><br/><a href='https://lms.shnoor.com/contact' target='_blank' style='color: #F59E0B; font-weight: bold; text-decoration: underline;'>View Contact Page</a>"
email address,"Let's plan the right learning experience for your team! You can reach out for enterprise training, private programs, certification pathways, or platform guidance.<br/><br/><b>Emails:</b> info@shnoor.com (General), proc@shnoor.com (Sales)<br/><b>Phone:</b> +91-9429694298 or +91-9041914601<br/><b>Address:</b> 10009 Mount Tabor Road, Odessa, Missouri, United States<br/><br/>For technical issues with course access, you can also reach support@shnoor.com.<br/><br/><a href='https://lms.shnoor.com/contact' target='_blank' style='color: #F59E0B; font-weight: bold; text-decoration: underline;'>View Contact Page</a>"
where are you located,"Let's plan the right learning experience for your team! You can reach out for enterprise training, private programs, certification pathways, or platform guidance.<br/><br/><b>Emails:</b> info@shnoor.com (General), proc@shnoor.com (Sales)<br/><b>Phone:</b> +91-9429694298 or +91-9041914601<br/><b>Address:</b> 10009 Mount Tabor Road, Odessa, Missouri, United States<br/><br/>For technical issues with course access, you can also reach support@shnoor.com.<br/><br/><a href='https://lms.shnoor.com/contact' target='_blank' style='color: #F59E0B; font-weight: bold; text-decoration: underline;'>View Contact Page</a>"
sales email,"Let's plan the right learning experience for your team! You can reach out for enterprise training, private programs, certification pathways, or platform guidance.<br/><br/><b>Emails:</b> info@shnoor.com (General), proc@shnoor.com (Sales)<br/><b>Phone:</b> +91-9429694298 or +91-9041914601<br/><b>Address:</b> 10009 Mount Tabor Road, Odessa, Missouri, United States<br/><br/>For technical issues with course access, you can also reach support@shnoor.com.<br/><br/><a href='https://lms.shnoor.com/contact' target='_blank' style='color: #F59E0B; font-weight: bold; text-decoration: underline;'>View Contact Page</a>"
Hi,"Hello! I am the SHNOOR LMS support assistant. I am doing great! I can help you with courses, exams, certifications, and technical support. How can I assist you?"
Hello,"Hello! I am the SHNOOR LMS support assistant. I am doing great! I can help you with courses, exams, certifications, and technical support. How can I assist you?"
Hey,"Hello! I am the SHNOOR LMS support assistant. I am doing great! I can help you with courses, exams, certifications, and technical support. How can I assist you?"
Good morning,"Hello! I am the SHNOOR LMS support assistant. I am doing great! I can help you with courses, exams, certifications, and technical support. How can I assist you?"
Hi bot,"Hello! I am the SHNOOR LMS support assistant. I am doing great! I can help you with courses, exams, certifications, and technical support. How can I assist you?"
Are you there?,"Hello! I am the SHNOOR LMS support assistant. I am doing great! I can help you with courses, exams, certifications, and technical support. How can I assist you?"
Who are you?,"Hello! I am the SHNOOR LMS support assistant. I am doing great! I can help you with courses, exams, certifications, and technical support. How can I assist you?"
How are you?,"Hello! I am the SHNOOR LMS support assistant. I am doing great! I can help you with courses, exams, certifications, and technical support. How can I assist you?"
How are you doing?,"Hello! I am the SHNOOR LMS support assistant. I am doing great! I can help you with courses, exams, certifications, and technical support. How can I assist you?"
What's up?,"Hello! I am the SHNOOR LMS support assistant. I am doing great! I can help you with courses, exams, certifications, and technical support. How can I assist you?"
How is it going?,"Hello! I am the SHNOOR LMS support assistant. I am doing great! I can help you with courses, exams, certifications, and technical support. How can I assist you?"
I need help,"Hello! I am the SHNOOR LMS support assistant. I am doing great! I can help you with courses, exams, certifications, and technical support. How can I assist you?"
Can you help me?,"Hello! I am the SHNOOR LMS support assistant. I am doing great! I can help you with courses, exams, certifications, and technical support. How can I assist you?"
Are you an AI?,"Hello! I am the SHNOOR LMS support assistant. I am doing great! I can help you with courses, exams, certifications, and technical support. How can I assist you?"
Are you a chatbot?,"Hello! I am the SHNOOR LMS support assistant. I am doing great! I can help you with courses, exams, certifications, and technical support. How can I assist you?"
Greetings,"Hello! I am the SHNOOR LMS support assistant. I am doing great! I can help you with courses, exams, certifications, and technical support. How can I assist you?"
Hey there,"Hello! I am the SHNOOR LMS support assistant. I am doing great! I can help you with courses, exams, certifications, and technical support. How can I assist you?"
Is anyone there?,"Hello! I am the SHNOOR LMS support assistant. I am doing great! I can help you with courses, exams, certifications, and technical support. How can I assist you?"
Yo,"Hello! I am the SHNOOR LMS support assistant. I am doing great! I can help you with courses, exams, certifications, and technical support. How can I assist you?"
Howdy,"Hello! I am the SHNOOR LMS support assistant. I am doing great! I can help you with courses, exams, certifications, and technical support. How can I assist you?"
Good afternoon,"Hello! I am the SHNOOR LMS support assistant. I am doing great! I can help you with courses, exams, certifications, and technical support. How can I assist you?"
Good evening,"Hello! I am the SHNOOR LMS support assistant. I am doing great! I can help you with courses, exams, certifications, and technical support. How can I assist you?"
Bye,Goodbye! Have a great day and feel free to return if you need help with your courses.
Goodbye,Goodbye! Have a great day and feel free to return if you need help with your courses.
See you later,Goodbye! Have a great day and feel free to return if you need help with your courses.
Catch you later,Goodbye! Have a great day and feel free to return if you need help with your courses.
See ya,Goodbye! Have a great day and feel free to return if you need help with your courses.
Have a good day,Goodbye! Have a great day and feel free to return if you need help with your courses.
Take care,Goodbye! Have a great day and feel free to return if you need help with your courses.
I'm leaving,Goodbye! Have a great day and feel free to return if you need help with your courses.
Bye for now,Goodbye! Have a great day and feel free to return if you need help with your courses.
Good night,Goodbye! Have a great day and feel free to return if you need help with your courses.
That is all,Goodbye! Have a great day and feel free to return if you need help with your courses.
Thanks bye,Goodbye! Have a great day and feel free to return if you need help with your courses.
Nothing else,Goodbye! Have a great day and feel free to return if you need help with your courses.
Have a good one,Goodbye! Have a great day and feel free to return if you need help with your courses.
Farewell,Goodbye! Have a great day and feel free to return if you need help with your courses.
I have to go,Goodbye! Have a great day and feel free to return if you need help with your courses.
Talk to you later,Goodbye! Have a great day and feel free to return if you need help with your courses.
Thanks,You're very welcome! Let me know if you have any other questions about the LMS.
Thank you,You're very welcome! Let me know if you have any other questions about the LMS.
Thanks a lot,You're very welcome! Let me know if you have any other questions about the LMS.
Thank you very much,You're very welcome! Let me know if you have any other questions about the LMS.
I appreciate it,You're very welcome! Let me know if you have any other questions about the LMS.
Thanks for your help,You're very welcome! Let me know if you have any other questions about the LMS.
"Great, thanks",You're very welcome! Let me know if you have any other questions about the LMS.
"Awesome, thank you",You're very welcome! Let me know if you have any other questions about the LMS.
Good to know,You're very welcome! Let me know if you have any other questions about the LMS.
"Okay, thank you",You're very welcome! Let me know if you have any other questions about the LMS.
Thanks for the info,You're very welcome! Let me know if you have any other questions about the LMS.
Much appreciated,You're very welcome! Let me know if you have any other questions about the LMS.
Many thanks,You're very welcome! Let me know if you have any other questions about the LMS.
That helped,You're very welcome! Let me know if you have any other questions about the LMS.
Tell me a joke,"I am a serious LMS assistant, so I don't have many jokes! But I do know that learning is fun. How can I help you with your training?"
Say something funny,"I am a serious LMS assistant, so I don't have many jokes! But I do know that learning is fun. How can I help you with your training?"
Make me laugh,"I am a serious LMS assistant, so I don't have many jokes! But I do know that learning is fun. How can I help you with your training?"
Do you know any jokes?,"I am a serious LMS assistant, so I don't have many jokes! But I do know that learning is fun. How can I help you with your training?"
Are you funny?,"I am a serious LMS assistant, so I don't have many jokes! But I do know that learning is fun. How can I help you with your training?"
Sing a song,"I am a serious LMS assistant, so I don't have many jokes! But I do know that learning is fun. How can I help you with your training?"
What is your favorite color?,"I am a serious LMS assistant, so I don't have many jokes! But I do know that learning is fun. How can I help you with your training?"
Do you like humans?,"I am a serious LMS assistant, so I don't have many jokes! But I do know that learning is fun. How can I help you with your training?"
Tell me a story,"I am a serious LMS assistant, so I don't have many jokes! But I do know that learning is fun. How can I help you with your training?"
Are you smart?,"I am a serious LMS assistant, so I don't have many jokes! But I do know that learning is fun. How can I help you with your training?"
What is 2+2?,"I am a serious LMS assistant, so I don't have many jokes! But I do know that learning is fun. How can I help you with your training?"
Do you like pizza?,"I am a serious LMS assistant, so I don't have many jokes! But I do know that learning is fun. How can I help you with your training?"
Tell a joke,"I am a serious LMS assistant, so I don't have many jokes! But I do know that learning is fun. How can I help you with your training?"
Who made you?,I am an AI developed specifically for Shnoor International to assist users with the SHNOOR Learning Management System.
Who created you?,I am an AI developed specifically for Shnoor International to assist users with the SHNOOR Learning Management System.
Who developed you?,I am an AI developed specifically for Shnoor International to assist users with the SHNOOR Learning Management System.
Are you human?,I am an AI developed specifically for Shnoor International to assist users with the SHNOOR Learning Management System.
Where do you come from?,I am an AI developed specifically for Shnoor International to assist users with the SHNOOR Learning Management System.
What are you made of?,I am an AI developed specifically for Shnoor International to assist users with the SHNOOR Learning Management System.
Are you a real person?,I am an AI developed specifically for Shnoor International to assist users with the SHNOOR Learning Management System.
Who is your boss?,I am an AI developed specifically for Shnoor International to assist users with the SHNOOR Learning Management System.
Who programmed you?,I am an AI developed specifically for Shnoor International to assist users with the SHNOOR Learning Management System.
Are you a robot?,I am an AI developed specifically for Shnoor International to assist users with the SHNOOR Learning Management System.
What is your name?,I am an AI developed specifically for Shnoor International to assist users with the SHNOOR Learning Management System.
What do you know?,"I specialize in answering questions about SHNOOR LMS features, training options, compliance, and onboarding. Feel free to ask about any of our platform capabilities!"
What can I ask you?,"I specialize in answering questions about SHNOOR LMS features, training options, compliance, and onboarding. Feel free to ask about any of our platform capabilities!"
How smart are you?,"I specialize in answering questions about SHNOOR LMS features, training options, compliance, and onboarding. Feel free to ask about any of our platform capabilities!"
What is your purpose?,"I specialize in answering questions about SHNOOR LMS features, training options, compliance, and onboarding. Feel free to ask about any of our platform capabilities!"
Why are you here?,"I specialize in answering questions about SHNOOR LMS features, training options, compliance, and onboarding. Feel free to ask about any of our platform capabilities!"
What questions can you answer?,"I specialize in answering questions about SHNOOR LMS features, training options, compliance, and onboarding. Feel free to ask about any of our platform capabilities!"
Tell me what to do,"I specialize in answering questions about SHNOOR LMS features, training options, compliance, and onboarding. Feel free to ask about any of our platform capabilities!"
I don't know what to ask,"I specialize in answering questions about SHNOOR LMS features, training options, compliance, and onboarding. Feel free to ask about any of our platform capabilities!"
Help me understand,"I specialize in answering questions about SHNOOR LMS features, training options, compliance, and onboarding. Feel free to ask about any of our platform capabilities!"
What are your limitations?,"I specialize in answering questions about SHNOOR LMS features, training options, compliance, and onboarding. Feel free to ask about any of our platform capabilities!"
Give me examples,"I specialize in answering questions about SHNOOR LMS features, training options, compliance, and onboarding. Feel free to ask about any of our platform capabilities!"
